participant_id,gender,age
1,Man,20
2,Man,20
3,Man,27
4,Man,19
5,Man,23
6,Man,28
7,Man,22
8,Man,21
9,Man,23
10,Man,26
11,Man,27
12,Man,28
13,Man,22
14,Man,20
15,Man,28
16,Man,26
17,Man,29
18,Man,26
19,Man,26
20,Man,30
21,Man,20
22,Man,25
23,Man,27
24,Man,24
25,Man,27
26,Man,26
27,Man,20
28,Man,21
29,Man,18
30,Man,28
31,Man,24
32,Man,22
33,Man,29
34,Man,27
35,Man,30
36,Man,24
37,Man,26
38,Man,26
39,Man,27
40,Man,24
41,Man,28
42,Man,29
43,Man,22
44,Man,24
45,Man,22
46,Man,28
47,Man,23
48,Man,26
49,Man,19
50,Man,30
51,Man,22
52,Man,25
53,Man,29
54,Man,30
55,Man,19
56,Man,18
57,Man,26
58,Man,28
59,Man,26
60,Man,23
61,Man,22
62,Man,26
63,Man,27
64,Man,29
65,Man,21
66,Man,23
67,Man,28
68,Man,25
69,Man,23
70,Man,23
71,Man,24
72,Man,18
73,Man,23
74,Man,19
75,Man,18
76,Man,19
77,Man,21
78,Man,30
79,Man,22
80,Man,23
81,Man,20
82,Man,26
83,Man,21
84,Man,23
85,Man,26
86,Man,26
87,Man,24
88,Man,20
89,Man,25
90,Man,29
91,Man,26
92,Man,20
93,Man,30
94,Man,24
95,Man,20
96,Man,24
97,Man,23
98,Man,27
99,Man,22
100,Man,22
101,Woman,25
102,Woman,20
103,Woman,27
104,Woman,19
105,Woman,27
106,Woman,29
107,Woman,19
108,Woman,27
109,Woman,23
110,Woman,29
111,Woman,21
112,Woman,18
113,Woman,23
114,Woman,20
115,Woman,25
116,Woman,20
117,Woman,25
118,Woman,18
119,Woman,24
120,Woman,28
121,Woman,24
122,Woman,30
123,Woman,24
124,Woman,27
125,Woman,23
126,Woman,24
127,Woman,28
128,Woman,27
129,Woman,22
130,Woman,23
131,Woman,25
132,Woman,22
133,Woman,24
134,Woman,28
135,Woman,21
136,Woman,29
137,Woman,29
138,Woman,30
139,Woman,20
140,Woman,26
141,Woman,24
142,Woman,23
143,Woman,27
144,Woman,26
145,Woman,24
146,Woman,19
147,Woman,30
148,Woman,20
149,Woman,25
150,Woman,21
151,Woman,24
152,Woman,21
153,Woman,18
154,Woman,25
155,Woman,21
156,Woman,26
157,Woman,25
158,Woman,23
159,Woman,28
160,Woman,21
161,Woman,25
162,Woman,20
163,Woman,30
164,Woman,21
165,Woman,21
166,Woman,29
167,Woman,23
168,Woman,18
169,Woman,27
170,Woman,28
171,Woman,21
172,Woman,28
173,Woman,26
174,Woman,24
175,Woman,25
176,Woman,22
177,Woman,30
178,Woman,19
179,Woman,28
180,Woman,30
181,Woman,23
182,Woman,26
183,Woman,25
184,Woman,29
185,Woman,27
186,Woman,21
187,Woman,30
188,Woman,30
189,Woman,22
190,Woman,24
191,Woman,30
192,Woman,18
193,Woman,25
194,Woman,25
195,Woman,27
196,Woman,26
197,Woman,25
198,Woman,19
199,Woman,30
200,Woman,22
201,Woman,26
202,Woman,24
203,Woman,24
204,Woman,27
205,Woman,30
206,Woman,29
207,Woman,27
208,Woman,25
209,Woman,23
210,Woman,24
211,Woman,27
212,Woman,28
213,Woman,18
214,Woman,26
215,Woman,30
216,Woman,30
217,Woman,20
218,Woman,27
219,Woman,22
220,Woman,23
221,Non-Binary,30
222,Non-Binary,28
223,Non-Binary,28
224,Non-Binary,26
225,Non-Binary,21
226,Non-Binary,27
227,Non-Binary,24
228,Non-Binary,26
229,Non-Binary,24
230,Non-Binary,27
231,Non-Binary,21
232,Non-Binary,30
233,Non-Binary,25
234,Non-Binary,26
235,Non-Binary,26
236,Non-Binary,26
237,Non-Binary,22
238,Non-Binary,24
239,Non-Binary,23
240,Non-Binary,28
241,Non-Binary,18
242,Non-Binary,27
243,Non-Binary,27
244,Non-Binary,18
245,Non-Binary,27
246,Non-Binary,18
247,Non-Binary,30
248,Non-Binary,27
249,Non-Binary,28
250,Non-Binary,22
251,Non-Binary,24
252,Non-Binary,29
253,Non-Binary,22
254,Non-Binary,27
255,Non-Binary,26
256,Non-Binary,21
257,Non-Binary,23
258,Non-Binary,19
259,Non-Binary,30
260,Non-Binary,18
261,Non-Binary,22
262,Non-Binary,26
263,Non-Binary,21
264,Non-Binary,20
265,Non-Binary,26
266,Non-Binary,18
267,Non-Binary,19
268,Non-Binary,21
269,Non-Binary,27
270,Non-Binary,18
